
INSERT INTO dbo.LIBRARIES (ID_LIBRARY, LIBRARY_ADRESS, TOTAL_READERS, TOTAL_BOOKS, TOTAL_USE_BOOKS) 
VALUES (1, 'Kiev, Polova ul. 133', 489, 7354, 7437);
INSERT INTO LIBRARIES (ID_LIBRARY, LIBRARY_ADRESS, TOTAL_READERS, TOTAL_BOOKS, TOTAL_USE_BOOKS) 
VALUES (2, 'Kiev, Odesskaya pl. 23', 389, 3354, 3437);
INSERT INTO LIBRARIES (ID_LIBRARY, LIBRARY_ADRESS, TOTAL_READERS, TOTAL_BOOKS, TOTAL_USE_BOOKS) 
VALUES (3, 'Kiev, Grishka ul. 22', 199, 3154, 3377);


INSERT INTO HALL (ID_HALL, TOTAL_PLACE, TOTAL_BOOKS, ID_LIBRARY, HALL_NAME) 
VALUES (1, 100, 354, 1, 'Blue');
INSERT INTO HALL (ID_HALL, TOTAL_PLACE, TOTAL_BOOKS, ID_LIBRARY, HALL_NAME) 
VALUES (2, 300, 3500, 1, 'Red');
INSERT INTO HALL (ID_HALL, TOTAL_PLACE, TOTAL_BOOKS, ID_LIBRARY, HALL_NAME) 
VALUES (3, 700, 3500, 1, 'Green');


INSERT INTO PAID_BOOKS (ID_BOOK, BOOK_NAME, BOOK_PRICE) 
VALUES (1, 'Magazine for children', 100);
INSERT INTO PAID_BOOKS (ID_BOOK, BOOK_NAME, BOOK_PRICE) 
VALUES (2, 'VOGUE', 76);
INSERT INTO PAID_BOOKS (ID_BOOK, BOOK_NAME, BOOK_PRICE) 
VALUES (3, 'Кройка и шитье для чайников', 98);



INSERT INTO SUBSCRIPTION (ID_SUBSCRIPTION, TOTAL_BOOKS, ID_LIBRARY, USER_NAME ) 
VALUES (1, 2, 1, 'Allan Smith');
INSERT INTO SUBSCRIPTION (ID_SUBSCRIPTION, TOTAL_BOOKS, ID_LIBRARY, USER_NAME ) 
VALUES (2, 5, 2, 'Anna Krot');
INSERT INTO SUBSCRIPTION (ID_SUBSCRIPTION, TOTAL_BOOKS, ID_LIBRARY, USER_NAME ) 
VALUES (3, 1, 2, 'Lev Tolstoj');
INSERT INTO SUBSCRIPTION (ID_SUBSCRIPTION, TOTAL_BOOKS, ID_LIBRARY, USER_NAME ) 
VALUES (4, 0, 3, 'Miroslav Zhelud');


INSERT INTO SERVICES (ID_SERVICE, SERVICE_NAME, SERVICE_PRICE) 
VALUES (1, 'Копиравание А4 ЧБ', 1);
INSERT INTO SERVICES (ID_SERVICE, SERVICE_NAME, SERVICE_PRICE) 
VALUES (2, 'Копиравание А4 ЦВЕТ', 2);
INSERT INTO SERVICES (ID_SERVICE, SERVICE_NAME, SERVICE_PRICE) 
VALUES (3, 'Сканирование А4 ', 1);
INSERT INTO SERVICES (ID_SERVICE, SERVICE_NAME, SERVICE_PRICE) 
VALUES (4, 'Распечатка А4 ЧБ', 1);



INSERT INTO BOOKS_IN_LIBRARY (ID_LIBRARY, ID_BOOK, QUANTITY) 
VALUES(1, 1, 100);
INSERT INTO BOOKS_IN_LIBRARY (ID_LIBRARY, ID_BOOK, QUANTITY) 
VALUES(1, 2, 100);
INSERT INTO BOOKS_IN_LIBRARY (ID_LIBRARY, ID_BOOK, QUANTITY) 
VALUES(1, 3, 100);
INSERT INTO BOOKS_IN_LIBRARY (ID_LIBRARY, ID_BOOK, QUANTITY) 
VALUES(2, 1, 90);
INSERT INTO BOOKS_IN_LIBRARY (ID_LIBRARY, ID_BOOK, QUANTITY) 
VALUES(2, 2, 90);
commit;

--INSERT INTO (ID_SUBSCRIPTION, ID_SERVICE, TOTAL_COST, SERVICING_DATE ) VALUES();




--INSERT INTO BOUGHT_BOOKS (ID_BOOK, ID_SUBSCRIPTION, QUANTITY, PURCHASE_DATE) VALUES();
